age,sex,cp,trestbps,chol,fbs,restecg,thalach,exang,oldpeak,slope,ca,thal,y_true,y_pred,y_proba
43,1,2,126,223,0,0,127,1,0.43,1,1,1,1,1,0.6364890686597653
47,0,1,124,206,0,0,135,0,3.36,1,0,1,1,1,0.691243892781917
30,0,0,131,203,0,2,127,0,0.94,1,2,1,0,1,0.5182201933456754
31,1,0,135,223,0,0,162,0,2.05,2,0,1,1,0,0.3984313943118743
76,1,0,118,227,0,1,143,0,2.18,1,2,2,0,1,0.5724864001465565
57,1,0,153,281,0,0,148,0,0.82,1,1,1,0,1,0.6025851162682148
34,0,0,143,316,0,0,128,0,1.82,1,0,3,1,0,0.381612407317576
30,0,1,130,303,0,0,149,0,0.75,0,0,3,0,1,0.8547888031763621
32,1,0,152,264,0,0,159,1,1.46,1,1,1,1,1,0.5308259695119396
44,0,2,142,289,1,0,118,0,0.49,1,1,1,1,1,0.6139073056863067
51,1,3,120,215,0,1,112,0,0.13,1,0,1,0,0,0.45865184808428083
68,0,1,142,214,0,1,146,0,0.78,1,1,3,1,1,0.5904594104903578
42,1,0,131,285,0,0,153,0,0.07,0,0,1,0,1,0.6110436412638471
75,0,0,111,311,0,1,127,1,0.5,0,0,1,0,1,0.6992562210917906
40,1,1,147,237,0,0,140,0,2.36,1,0,1,1,1,0.5537431318010724
71,1,1,109,266,0,0,142,0,0.19,0,3,2,0,1,0.5705012139425933
73,0,1,133,319,1,0,137,0,1.92,1,0,1,0,1,0.747563814403944
76,1,0,138,208,0,0,152,0,1.26,0,1,1,0,0,0.35075975221464756
71,0,3,137,318,0,1,124,1,1.86,1,0,2,1,1,0.7869228370532823
62,1,2,120,262,0,1,150,0,1.86,1,1,3,1,1,0.7020008142782657
61,1,0,158,260,0,1,148,0,0.54,0,0,1,1,1,0.7794656206921209
56,1,0,129,262,0,1,181,0,3.11,2,0,1,0,1,0.7753989048354805
60,0,3,136,175,0,0,155,1,2.88,0,1,1,1,1,0.6215756056049264
38,0,0,118,247,0,0,172,1,1.69,1,0,2,1,1,0.5322198444238996
66,1,0,121,263,0,0,138,1,1.42,0,1,2,0,1,0.6001670519215127
74,0,0,167,212,0,0,162,0,1.64,1,3,1,1,1,0.5797041898491594
73,0,1,138,267,0,0,174,1,2.64,1,2,1,1,1,0.5757036134146918
42,0,1,135,206,1,1,178,0,0.96,1,3,1,0,1,0.549344362182879
59,1,0,124,231,0,2,152,0,0.26,1,2,1,1,0,0.4701228909110718
47,1,0,115,224,0,0,151,0,0.69,2,1,2,0,1,0.7123391151814731
72,1,2,124,239,0,0,129,0,2.26,1,0,1,1,1,0.6146656239927054
38,1,1,152,243,0,1,156,0,0.11,1,0,2,1,1,0.5460583044175868
34,1,0,142,397,1,0,127,1,1.17,1,0,3,0,0,0.4237724136805834
56,0,0,141,279,0,0,140,0,2.5,1,0,1,1,1,0.6493120352224431
54,0,0,134,283,0,0,185,0,1.1,2,0,1,0,1,0.6452437014485406
76,1,0,149,315,0,0,163,0,2.98,1,3,1,0,0,0.45536168977669533
53,0,0,125,251,1,0,176,0,1.61,0,0,1,1,1,0.580751907499298
57,1,3,127,234,0,0,150,1,1.77,1,1,3,0,1,0.6439571908057926
76,0,0,115,164,0,0,149,0,0.95,1,0,3,0,1,0.6626979676753398
55,0,1,170,199,0,0,125,0,1.64,1,0,3,1,1,0.568359331395291
34,1,0,144,154,0,0,129,0,0.49,0,0,2,0,0,0.4333176096264767
73,0,1,121,195,0,0,158,0,0.41,1,1,1,1,1,0.5303331899308316
51,1,0,144,208,0,0,152,0,0.63,0,1,3,1,1,0.5704585383723689
37,1,0,129,189,0,0,142,1,1.62,1,0,3,1,1,0.5502350208322723
38,1,0,150,223,0,2,146,1,2.8,1,2,1,0,1,0.5733708412411328
42,1,0,99,235,1,0,149,0,1.2,1,0,1,0,1,0.7104735272155307
52,1,2,145,284,1,0,161,0,0.68,1,0,1,1,1,0.560994312200102
31,1,3,102,322,0,0,118,1,1.63,1,1,1,1,0,0.46827708984851124
53,1,0,143,251,0,0,135,0,1.9,1,0,3,0,1,0.5240861598150985
59,1,1,131,138,1,0,133,1,0.43,1,0,3,0,1,0.6187329022769399
38,1,0,126,176,0,0,120,0,1.39,2,1,2,1,1,0.5807148705022724
58,0,2,137,238,0,1,126,0,0.66,1,1,3,1,1,0.6230282730659275
56,1,0,128,204,0,0,138,1,2.06,0,0,1,1,1,0.6521676189708161
50,1,1,147,147,1,1,169,0,0.97,2,0,1,0,1,0.6115450372601513
56,0,2,123,227,0,0,114,1,0.24,2,3,1,1,1,0.8230383287552991
63,1,0,96,266,1,0,151,0,2.38,1,2,1,0,1,0.8258160490683614
42,1,0,138,224,0,1,174,0,0.59,1,0,1,1,0,0.49153384475124723
42,0,0,125,228,1,1,168,0,2.01,1,1,1,1,1,0.5475148715496889
40,0,2,120,224,0,0,133,0,1.15,1,0,1,0,1,0.5061699998117456
52,0,2,150,274,0,0,162,1,0.6,1,0,1,0,1,0.6294872683374708
33,1,2,136,154,0,1,148,0,1.92,2,1,3,1,0,0.43921152497762606
46,1,0,124,195,0,1,140,0,0.34,0,0,1,1,1,0.5197516200308249
35,1,3,124,301,0,0,128,0,1.81,0,1,3,1,0,0.441429066583148
48,0,1,119,212,0,0,146,0,0.42,1,1,3,0,1,0.585390228595971
51,1,0,136,292,0,1,153,1,1.21,1,2,1,1,1,0.6546717800822929
56,1,0,140,196,0,0,164,0,0.15,1,0,1,0,1,0.6475996768831405
52,0,0,132,238,0,1,154,0,2.53,1,1,1,1,1,0.524872255239843
35,0,0,125,304,0,1,135,1,0.73,1,1,3,1,1,0.5697071472143174
55,0,2,133,319,0,0,173,0,0.56,1,0,2,1,1,0.5849548320810356
35,1,0,123,214,0,1,138,1,1.61,0,1,1,1,0,0.433958681723973
69,1,1,162,313,0,0,143,0,0.63,1,1,2,1,1,0.6201293253827862
34,1,0,140,276,0,0,172,0,1.18,0,2,3,1,1,0.5046240456409277
33,1,2,134,308,0,1,141,1,1.01,0,0,1,1,1,0.5652293739190568
35,0,0,104,185,0,1,161,0,2.8,1,0,2,1,0,0.3723265722348852
55,0,3,145,278,0,0,177,1,1.23,1,0,3,0,1,0.645527224477454
51,0,0,134,208,0,0,156,0,0.71,0,0,1,1,1,0.5943087748224731
56,1,1,118,263,0,0,125,0,1.98,2,0,1,1,1,0.7495980856514838
70,0,0,113,265,1,1,174,0,2.65,0,0,1,0,1,0.6691669172247742
48,0,0,135,249,0,0,176,1,2.66,1,2,1,0,1,0.650739971579973
36,1,3,123,203,0,0,125,1,1.86,1,0,3,1,0,0.39467910336024153
62,1,1,118,282,0,1,150,0,2.38,0,0,1,1,1,0.6662081605509675
38,0,0,120,195,0,1,140,0,2.52,2,1,3,1,0,0.47168833446220887
40,1,3,125,259,0,0,191,0,0.42,0,0,2,1,1,0.6151290521772759
74,1,2,110,281,0,1,161,0,2.47,1,0,2,1,1,0.6943635603965876
70,1,2,133,295,1,0,91,0,0.61,1,3,1,0,1,0.766391369817401
35,1,0,130,194,0,0,91,0,1.7,1,0,1,1,0,0.36566334565478886
76,0,0,149,259,0,2,132,0,1.56,1,2,1,1,0,0.24132345165677668
73,1,3,136,178,0,0,145,0,2.12,1,0,1,1,1,0.6059390978818947
31,0,2,134,312,1,0,154,1,0.63,2,2,2,0,1,0.5726682263587001
70,1,2,132,224,0,0,144,0,1.53,1,0,1,1,1,0.5673269092080355
58,0,0,128,207,0,0,159,0,0.35,1,0,1,1,1,0.6138779677705339
67,1,0,109,296,0,1,150,0,1.54,1,1,2,1,1,0.5877728827237229
68,0,0,113,278,0,0,152,0,2.28,1,0,1,0,1,0.6818051405804035
68,1,0,115,152,1,0,149,1,0.36,1,3,3,1,1,0.5837458249815572
63,1,3,108,299,1,1,146,0,0.51,0,0,2,1,1,0.6673840414239669
66,1,3,113,216,0,1,100,0,0.54,2,0,1,1,1,0.5613138545674877
56,1,3,158,200,0,0,152,1,1.71,1,0,2,1,1,0.8088378670905199
68,1,0,159,205,1,0,118,0,0.2,1,1,1,0,1,0.7818082123979508
54,1,3,100,230,0,0,193,1,1.0,1,1,3,1,1,0.5905528840596402
46,1,1,150,151,0,0,145,1,2.57,1,1,3,1,1,0.6558430383720798
39,0,1,129,161,0,0,164,1,1.16,2,1,2,1,1,0.7616845712036794
31,1,3,99,246,0,0,146,0,0.17,1,0,1,1,0,0.42459623978514055
66,1,0,133,230,0,0,122,1,0.04,1,0,3,1,1,0.6988072175307039
34,0,1,130,313,0,0,180,1,0.93,2,1,1,1,1,0.7675316014102275
72,1,0,133,215,0,1,143,1,0.3,1,0,1,1,1,0.5857179976792726
35,1,0,130,267,0,2,166,0,2.28,1,0,2,1,0,0.31473949148841435
49,1,0,151,178,0,0,158,1,0.8,1,0,3,0,1,0.5711265709050634
71,1,0,135,272,0,0,134,0,0.02,0,0,3,0,1,0.5934225033973769
57,1,3,122,278,0,0,189,0,1.75,2,0,1,1,1,0.6168614939641406
37,0,1,140,297,0,0,155,0,0.3,1,0,1,1,1,0.5883398592486809
29,1,3,120,279,0,2,152,0,1.8,2,0,1,0,1,0.7610705266802479
75,1,0,145,205,0,0,136,1,1.0,2,0,1,1,1,0.7213593001714855
56,1,0,126,237,1,2,110,0,0.03,1,1,3,1,0,0.48568402084178586
55,0,0,132,284,0,0,164,1,2.13,2,0,1,1,1,0.7246990393285064
44,0,2,125,183,0,0,148,1,0.09,1,2,1,0,1,0.6266543406739234
50,1,0,112,209,0,0,146,1,0.9,0,0,1,1,1,0.6164477298493045
29,1,2,164,332,0,0,153,0,0.01,1,0,1,1,1,0.6285020051705219
68,1,0,122,240,0,0,182,0,3.01,1,1,2,1,1,0.624995036266947
63,1,2,153,202,0,0,160,0,0.74,0,2,1,1,1,0.5951976241574624
70,0,0,114,221,0,0,151,0,2.01,0,0,2,1,1,0.7212373024842889
64,1,0,132,295,0,0,124,0,0.35,1,0,1,0,1,0.6844259495823536
72,0,1,109,265,0,1,161,1,1.42,1,0,1,1,1,0.5738177821224593
63,1,2,145,227,0,0,122,1,0.85,1,0,1,1,1,0.5423934483698456
63,1,1,133,283,0,0,135,0,2.23,1,0,1,1,1,0.668063460752645
35,1,0,114,200,0,0,193,0,0.76,1,1,1,0,0,0.46002216674413965
33,0,1,110,190,0,0,138,1,2.21,0,1,3,0,0,0.38287277317207047
56,1,0,129,216,1,0,108,0,0.59,2,1,2,0,1,0.7553378601113399
76,1,0,129,270,0,1,168,0,1.18,2,1,2,0,1,0.5446602360081041
30,0,3,142,262,0,0,148,0,0.49,2,2,3,0,1,0.8789454880044172
55,1,0,132,287,0,2,109,1,0.25,1,2,1,0,1,0.6821700830393652
56,1,0,115,211,1,0,177,1,0.34,2,0,1,0,1,0.6867413280865681
65,1,0,137,250,1,0,137,0,0.72,0,0,2,1,1,0.646966283805269
49,0,0,117,135,0,0,146,1,0.1,1,0,2,0,1,0.5789798712786547
50,0,0,131,277,0,1,128,1,0.61,1,0,1,1,1,0.6465088407553612
66,1,2,118,263,0,1,140,1,2.21,1,1,2,1,1,0.591646609399435
64,1,3,159,260,0,0,138,0,1.89,1,0,3,0,1,0.8153774440200638
53,1,0,123,314,1,0,140,1,1.18,1,2,1,1,1,0.6883741254364981
39,1,3,134,241,1,0,150,0,1.32,1,2,1,1,0,0.4831237012326927
31,0,2,118,371,1,1,181,0,0.9,1,0,1,1,0,0.4727434834853626
68,1,3,106,227,0,0,118,0,1.93,1,0,3,1,1,0.5761268625157763
48,0,0,139,219,0,1,98,0,0.68,2,3,1,1,1,0.7743721640593579
59,0,0,146,339,0,0,194,1,1.44,1,0,2,0,1,0.7775046784795177
76,1,1,121,241,0,0,111,0,1.43,2,0,1,0,1,0.7279026140999647
48,0,0,110,244,0,0,129,1,1.56,1,0,3,0,1,0.537097283085942
29,1,2,127,224,0,1,143,1,0.95,0,1,2,0,1,0.6669881746879235
66,0,0,138,218,0,0,166,0,0.7,0,2,2,1,1,0.6428069951096917
60,0,0,99,161,0,0,149,1,2.5,0,3,2,1,1,0.5941626858430565
73,1,0,122,229,0,1,160,0,1.95,2,0,1,0,1,0.721349175614634
33,1,1,126,254,0,2,198,0,0.94,1,0,1,0,1,0.5802857482567039
43,1,0,117,204,0,2,157,0,2.11,1,0,3,0,0,0.490450914112478
73,1,0,101,157,0,1,145,0,1.1,0,0,3,0,0,0.496131826847148
51,1,0,96,263,0,0,137,1,0.35,1,3,1,1,1,0.800139818025013
62,1,0,112,275,0,0,124,0,0.35,2,1,1,1,1,0.6910507437033452
50,0,0,122,193,0,0,176,0,1.45,1,0,3,0,1,0.5006167317496933
53,1,0,148,250,0,1,140,0,2.55,1,2,2,0,1,0.5111424117583073
69,1,2,124,165,0,1,143,0,1.76,0,3,1,1,1,0.5641257224002532
30,0,2,123,215,0,0,128,0,1.19,1,0,2,1,0,0.36563657381579134
38,1,1,133,306,0,1,133,1,0.5,0,3,3,0,1,0.7871559654438801
53,1,0,149,185,0,0,153,0,1.01,0,1,2,0,1,0.5829731306067757
50,1,0,142,244,0,1,159,0,0.02,2,1,3,0,1,0.5852319632086885
43,0,0,146,316,0,0,143,1,1.4,1,0,3,1,1,0.7341515974160334
59,0,0,145,255,0,0,145,0,2.61,1,0,1,0,1,0.7233325294981751
57,1,0,129,250,0,0,174,0,0.25,2,0,2,1,1,0.7904274927852575
52,1,0,125,210,0,0,120,0,1.49,0,1,2,1,1,0.6088041917615622
60,1,1,123,212,0,1,138,0,0.23,2,1,2,0,1,0.81682777949895
76,1,1,132,344,0,0,152,1,0.83,2,0,3,0,1,0.7526034147103167
33,1,0,131,209,0,1,154,0,0.79,0,0,1,1,0,0.3982792845939779
64,0,0,119,175,0,2,114,0,0.24,2,1,1,1,1,0.7845751049379088
35,0,2,124,214,0,0,160,0,1.08,1,1,1,0,0,0.42109138886728636
46,1,1,146,163,0,1,168,0,0.76,1,1,2,0,1,0.5674914965329892
56,1,1,141,262,0,0,202,1,0.81,1,0,2,1,1,0.6671833505733432
66,1,0,120,275,0,0,152,0,1.01,0,1,1,1,1,0.592952437442877
58,1,2,125,272,0,0,120,1,0.62,1,0,3,1,1,0.5657202979771795
72,0,0,107,165,0,0,127,1,0.59,2,2,2,1,1,0.6055023730999803
53,1,3,111,191,0,0,140,0,1.43,1,0,1,1,0,0.49885950344311264
50,1,0,120,274,0,2,191,1,2.3,1,2,3,0,0,0.48229105871329075
32,0,1,117,290,0,0,164,1,2.16,0,1,1,1,0,0.3987793957529667
52,0,3,148,214,1,1,147,0,1.4,0,1,2,0,1,0.6765399070685827
52,0,0,138,234,0,0,163,0,1.29,1,3,2,1,1,0.5630220283948659
61,1,3,144,328,1,0,188,0,1.53,0,1,1,1,1,0.6687053164997785
54,1,3,118,187,0,0,141,0,1.66,1,1,2,0,1,0.5799937222160858
33,1,3,146,256,0,2,160,1,1.11,0,0,1,0,0,0.4565769048346223
58,1,0,121,335,0,1,190,1,0.52,0,0,1,1,1,0.6734913915084056
49,0,1,133,248,0,0,193,0,1.88,1,1,1,0,1,0.5679509019740109
51,1,1,148,314,0,0,165,0,1.3,2,0,1,1,1,0.6645246303188308
59,0,0,124,239,0,1,159,1,2.0,1,0,3,1,1,0.562836398197375
39,1,0,151,256,0,0,158,0,0.47,1,0,1,0,0,0.45489885945819175
60,1,1,106,284,0,1,188,0,1.7,1,1,1,0,1,0.5576589988918518
75,0,0,136,197,0,0,159,0,0.26,1,0,1,1,1,0.5762244397485352
72,1,0,145,331,0,0,153,0,0.71,0,0,1,1,1,0.6064078985169324
57,1,1,136,255,0,2,140,0,0.23,2,0,2,1,1,0.8283643532172961
40,1,0,98,234,0,1,142,0,2.64,1,0,3,1,1,0.7219934815780488
53,1,1,128,347,0,0,163,1,0.23,0,1,1,1,1,0.8322654155173181
60,0,0,151,163,0,0,163,0,1.42,2,1,1,0,1,0.6650152869323924
37,0,0,118,173,0,0,159,0,1.43,1,1,1,1,0,0.44485096903602694
75,1,2,157,274,0,2,140,1,2.48,1,0,1,1,1,0.6952434245838865
69,0,0,131,270,0,0,164,0,0.84,1,0,1,0,1,0.6151821759807329
30,1,2,132,268,0,1,145,0,1.66,0,1,3,1,1,0.7493029865852359
51,0,0,121,212,0,0,157,0,0.42,1,1,2,0,1,0.5393723425662295
65,0,0,127,270,0,0,112,0,0.72,1,0,1,1,1,0.6201808872521645
